Employee_id,Username,department,position,age,tenure,monthly_income,performance_rating,job_satisfaction,risk_category,Password
1,Ira Nair,Finance,Director,40,14,13152,5,3,Medium,2981
2,Myra Mishra,Marketing,Associate,57,7,5780,2,3,High,5561
3,Saanvi Rathore,HR,Director,29,5,10423,3,2,High,8912
4,Meera Kapoor,Marketing,Director,50,9,5871,4,4,Medium,7156
5,Krishna Bhatia,Marketing,Lead,53,2,3660,4,5,Medium,3374
6,Aditya Mehta,Sales,Director,39,18,9242,1,3,High,4603
7,Reyansh Nair,HR,Junior,27,16,13827,1,4,High,9429
8,Aryan Bhatia,HR,Director,39,6,13521,2,5,Medium,2781
9,Vihaan Shah,HR,Director,40,19,13642,1,5,Medium,3647
10,Sai Pandey,Marketing,Director,43,3,4132,2,3,High,9558
11,Ira Desai,Finance,Manager,58,13,3699,5,3,Medium,8416
12,Aadhya Nair,HR,Junior,53,19,10470,2,2,High,2714
13,Avni Gupta,Operations,Junior,62,14,13230,1,4,High,7885
14,Ishita Shah,Marketing,Associate,24,7,9297,5,4,Medium,7479
15,Sai Sharma,Sales,Lead,49,14,10812,1,3,High,9169
16,Aadhya Desai,Finance,Director,31,19,7557,2,5,Medium,8221
17,Meera Bhatia,Operations,Senior,56,13,5179,3,3,Medium,7351
18,Ananya Patel,Operations,Lead,50,8,14030,4,5,Medium,12
19,Arjun Kapoor,Sales,Lead,36,7,12065,1,5,Medium,9323
20,Aditya Shah,Finance,Junior,54,16,11275,2,3,High,6755
21,Krishna Kapoor,Marketing,Lead,28,1,4422,5,1,High,4235
22,Avni Sharma,IT,Director,33,2,13867,1,4,High,1338
23,Vivaan Mishra,Finance,Director,51,7,6180,1,5,Medium,1939
24,Ishita Tripathi,Sales,Manager,42,11,7316,4,5,Medium,413
25,Ishaan Rathore,Operations,Director,52,0,9696,2,1,High,5210
26,Vivaan Verma,Marketing,Director,45,9,12583,3,2,High,106
27,Myra Verma,Finance,Junior,41,19,14410,5,1,High,5853
28,Vihaan Kumar,IT,Director,58,2,3614,2,1,High,9837
29,Aadhya Reddy,IT,Manager,25,5,14163,5,5,Medium,6786
30,Saanvi Bhatia,HR,Senior,49,6,14757,1,4,Medium,8849
31,Sai Shah,HR,Junior,41,19,14768,4,1,High,2113
32,Ishaan Gupta,Sales,Senior,45,17,7570,4,2,High,8146
33,Aadhya Yadav,Finance,Junior,53,10,3270,3,3,Medium,7999
34,Myra Yadav,Finance,Associate,62,18,5468,4,1,High,1341
35,Myra Pandey,Operations,Lead,57,4,12582,1,1,High,835
36,Sai Pandey,Operations,Associate,55,18,14546,3,2,High,2132
37,Ishaan Rathore,Operations,Director,57,10,6607,2,4,Medium,4179
38,Riya Sharma,HR,Senior,23,11,13775,4,1,High,8653
39,Ira Choudhary,Finance,Director,36,9,6075,3,1,High,7455
40,Aadhya Mishra,Finance,Lead,55,7,3289,1,4,High,1496
41,Avni Kapoor,IT,Junior,57,8,11120,5,2,Medium,396
42,Vivaan Joshi,HR,Lead,27,3,13672,5,1,Medium,3772
43,Riya Rathore,Marketing,Manager,60,4,9614,1,4,High,3422
44,Riya Malhotra,HR,Lead,63,7,6252,1,1,High,8850
45,Ishita Verma,Marketing,Manager,33,8,10415,5,3,Medium,9047
46,Aadhya Reddy,IT,Lead,24,14,9771,3,5,Medium,3884
47,Arjun Desai,Sales,Manager,39,14,3278,5,3,Medium,730
48,Saanvi Patel,Finance,Senior,61,15,14116,1,1,High,3540
49,Ira Bhatia,IT,Director,42,13,3580,4,2,Medium,414
50,Aadhya Pandey,Finance,Director,36,7,7958,2,5,Medium,8957
51,Aadhya Reddy,Operations,Associate,54,17,11445,4,3,Medium,8325
52,Avni Gupta,Sales,Director,56,9,7276,4,4,Medium,6803
53,Ira Verma,Sales,Junior,47,19,10997,1,2,High,4640
54,Krishna Tripathi,IT,Lead,29,5,7776,5,3,Medium,9036
55,Diya Gupta,Sales,Associate,57,11,3824,3,4,Medium,7795
56,Reyansh Pandey,Marketing,Junior,51,1,6832,4,1,High,4301
57,Myra Shah,Sales,Junior,44,6,11891,5,4,Medium,1644
58,Ananya Choudhary,Finance,Manager,63,15,8445,3,3,Medium,8429
59,Vihaan Joshi,Finance,Director,35,2,4380,4,3,Medium,8891
60,Reyansh Nair,Finance,Senior,35,12,12865,3,1,High,1814
61,Avni Desai,Finance,Senior,23,2,13919,5,4,Medium,2838
62,Ananya Mishra,Marketing,Associate,58,17,9534,2,4,Medium,2475
63,Myra Bhatia,HR,Senior,26,10,6156,5,1,Medium,8686
64,Sai Joshi,Operations,Lead,59,7,14580,1,4,Medium,6779
65,Meera Desai,IT,Senior,62,5,7307,3,1,High,826
66,Saanvi Bhatia,Finance,Associate,35,0,8634,2,2,High,1650
67,Ananya Mishra,Sales,Senior,60,0,11575,3,3,Medium,2135
68,Ananya Tripathi,Finance,Lead,46,7,8810,3,2,High,1779
69,Krishna Sharma,Sales,Manager,41,4,11533,4,5,Low,4007
70,Vivaan Tripathi,Operations,Associate,23,15,8934,1,5,Medium,927
71,Meera Verma,Operations,Manager,60,10,13179,3,5,Medium,4232
72,Avni Desai,Operations,Manager,27,4,6109,5,1,High,7605
73,Myra Shah,Sales,Manager,38,3,7082,5,4,Medium,9136
74,Aarav Kapoor,Finance,Junior,46,5,13990,4,2,High,6464
75,Riya Mehta,Operations,Director,49,13,6240,1,2,High,134
76,Aryan Rathore,Marketing,Junior,23,18,13180,1,2,High,2207
77,Vihaan Tripathi,Sales,Director,56,8,9028,5,2,Medium,8836
78,Aadhya Mehta,Sales,Manager,58,11,14606,2,5,Medium,9871
79,Arjun Verma,Finance,Associate,26,10,4849,4,2,High,7018
80,Ananya Bhatia,Sales,Director,22,13,11497,4,4,Medium,2749
81,Avni Reddy,Sales,Lead,61,15,14805,5,5,Low,9289
82,Aryan Patel,Operations,Lead,33,0,5749,5,2,Medium,5766
83,Avni Rathore,Finance,Senior,57,12,9680,2,1,High,4145
84,Aryan Gupta,Operations,Director,44,12,12327,2,3,Medium,8518
85,Diya Joshi,Operations,Associate,52,1,3205,1,3,High,2460
86,Ishaan Mehta,Finance,Junior,32,3,10352,4,3,Medium,5242
87,Sai Kapoor,IT,Manager,31,5,7591,4,5,Medium,8477
88,Aarav Patel,Operations,Senior,24,4,6450,5,2,Medium,9750
89,Arjun Kapoor,Marketing,Lead,35,2,10214,1,5,Medium,1330
90,Ira Desai,Marketing,Junior,37,0,6811,4,4,Medium,5834
91,Riya Sharma,Sales,Junior,31,3,14814,1,1,High,6881
92,Saanvi Verma,Marketing,Manager,50,19,14791,1,1,High,8013
93,Avni Rathore,Sales,Director,31,1,13743,5,3,Medium,4880
94,Aditya Patel,IT,Lead,33,4,8141,1,3,High,3482
95,Ishaan Shah,Finance,Associate,51,2,11501,2,3,Medium,3113
96,Vivaan Pandey,Finance,Junior,62,8,5708,2,2,High,4498
97,Myra Bhatia,Finance,Manager,22,19,4991,3,4,Medium,8133
98,Arjun Mehta,Marketing,Associate,26,5,11463,5,4,Medium,7903
99,Ananya Tripathi,IT,Director,41,17,14834,3,4,Medium,5613
100,Avni Nair,Marketing,Lead,29,5,13014,2,4,Medium,5236
101,Aadhya Reddy,Marketing,Director,64,18,6273,3,3,Medium,8164
102,Meera Verma,IT,Junior,33,11,7538,5,1,High,730
103,Aditya Mishra,IT,Associate,22,10,11712,5,3,Medium,2268
104,Diya Gupta,IT,Associate,41,1,12168,1,4,High,2870
105,Aryan Mishra,IT,Associate,49,14,6722,4,3,Medium,9505
106,Saanvi Desai,Finance,Junior,64,11,6551,1,4,High,5692
107,Diya Tripathi,HR,Junior,58,11,13965,5,5,Low,1517
108,Ishaan Rathore,HR,Director,58,8,13744,2,1,High,4739
109,Ishita Desai,IT,Senior,33,1,5832,2,5,Medium,1021
110,Saanvi Malhotra,HR,Director,58,2,8679,1,2,High,874
111,Vihaan Malhotra,HR,Lead,49,11,9579,5,3,Medium,1555
112,Ananya Pandey,IT,Manager,36,15,3152,2,2,High,9580
113,Arjun Reddy,HR,Associate,27,0,8754,5,3,Medium,5042
114,Meera Patel,Marketing,Senior,41,2,14156,2,5,Medium,4100
115,Reyansh Shah,Sales,Manager,35,19,14108,5,4,Medium,6573
116,Riya Kumar,Sales,Senior,23,1,5800,3,4,Medium,2193
117,Riya Rathore,IT,Director,30,8,8310,5,3,Medium,1187
118,Meera Joshi,Finance,Junior,58,18,12944,5,4,Medium,6946
119,Ananya Mehta,IT,Associate,41,14,5610,1,5,Medium,6088
120,Ishita Kumar,Finance,Director,47,17,4104,3,4,Medium,4536
121,Ishita Sharma,Sales,Manager,50,10,13728,4,5,Low,4303
122,Meera Tripathi,IT,Manager,22,15,10361,1,2,High,8272
123,Aadhya Sharma,Operations,Manager,56,16,7199,4,5,Low,2922
124,Krishna Reddy,Marketing,Manager,27,4,6854,2,1,High,3856
125,Reyansh Bhatia,HR,Manager,58,11,10263,4,1,High,7898
126,Diya Reddy,Finance,Senior,26,10,14686,5,1,High,8344
127,Aryan Choudhary,Operations,Director,54,14,4914,4,3,Medium,9000
128,Ishaan Choudhary,HR,Associate,35,2,10365,1,3,High,4769
129,Sai Mishra,HR,Junior,33,0,6072,1,3,High,8303
130,Arjun Yadav,IT,Junior,63,19,12198,4,5,Low,353
131,Krishna Sharma,HR,Director,41,15,3406,1,3,High,47
132,Krishna Choudhary,Marketing,Director,45,1,3166,1,2,High,1771
133,Sai Bhatia,Operations,Junior,64,1,3508,4,1,High,7950
134,Vihaan Mishra,HR,Junior,55,2,4661,3,5,Medium,8111
135,Ira Tripathi,IT,Senior,46,7,6664,3,1,High,5345
136,Krishna Kapoor,Marketing,Lead,50,14,6489,2,3,High,8410
137,Ananya Choudhary,Sales,Associate,60,6,3680,1,5,Medium,6732
138,Ishaan Shah,Operations,Manager,52,5,5524,4,4,Medium,4694
139,Ira Sharma,HR,Lead,64,8,5120,1,2,High,9861
140,Vivaan Desai,IT,Director,44,19,8260,5,3,Medium,4748
141,Ira Shah,Sales,Junior,59,0,7357,1,3,High,7680
142,Aryan Yadav,Sales,Lead,41,7,4363,1,2,High,1552
143,Sai Desai,Finance,Associate,44,2,12523,3,2,High,8990
144,Ira Mishra,Marketing,Director,37,3,5292,4,4,Medium,4668
145,Avni Desai,HR,Manager,63,14,4538,1,3,High,8187
146,Saanvi Choudhary,IT,Manager,29,5,6408,3,3,High,7656
147,Sai Bhatia,Finance,Associate,42,14,10742,2,1,High,6522
148,Saanvi Pandey,Marketing,Associate,22,2,11752,3,5,Medium,7853
149,Aadhya Reddy,Finance,Junior,29,13,12291,3,5,Medium,8508
150,Avni Joshi,Operations,Manager,50,19,4903,3,1,High,4139
151,Diya Kumar,Marketing,Director,53,13,3174,1,5,Medium,3254
152,Ishaan Malhotra,Marketing,Lead,59,3,13348,1,2,High,727
153,Krishna Reddy,HR,Director,26,11,5230,2,5,Medium,4717
154,Ishita Malhotra,Marketing,Senior,43,16,7287,5,5,Low,9610
155,Ishaan Tripathi,Finance,Senior,55,6,7160,5,1,Medium,2465
156,Aryan Joshi,Marketing,Associate,22,8,10106,5,4,Low,1357
157,Ishita Tripathi,HR,Junior,47,2,12689,2,5,Medium,3184
158,Riya Mishra,HR,Senior,64,12,6171,5,5,Low,3091
159,Saanvi Kumar,Operations,Manager,31,14,4567,5,4,Low,6285
160,Reyansh Yadav,Finance,Director,51,17,4151,3,1,High,1676
161,Aadhya Joshi,Sales,Director,39,18,10619,1,4,Medium,8824
162,Aadhya Joshi,Sales,Associate,38,0,9033,1,1,High,8981
163,Aditya Reddy,Marketing,Lead,47,5,11560,3,2,High,1744
164,Diya Rathore,Operations,Associate,29,1,7946,3,1,High,2076
165,Ira Nair,IT,Lead,61,13,11234,3,2,High,1477
166,Arjun Tripathi,Marketing,Associate,33,5,4907,1,2,High,6514
167,Ishaan Rathore,Operations,Associate,48,13,6490,5,1,High,7586
168,Saanvi Desai,Finance,Associate,29,3,5535,3,3,Medium,901
169,Aarav Verma,Finance,Lead,46,7,7173,2,1,High,5926
170,Aadhya Mishra,Finance,Lead,25,2,14065,3,5,Medium,7666
171,Meera Kapoor,Finance,Associate,54,18,13016,4,5,Medium,903
172,Ishita Sharma,Finance,Senior,22,13,4293,3,3,Medium,1165
173,Sai Tripathi,Operations,Junior,40,19,7769,1,2,High,3184
174,Meera Verma,Operations,Junior,52,16,7796,3,3,Medium,9011
175,Vivaan Kapoor,HR,Junior,37,7,9871,4,5,Low,6036
176,Ananya Joshi,Sales,Lead,35,13,14578,2,3,High,6344
177,Sai Mishra,Finance,Lead,26,5,5972,5,1,High,5981
178,Saanvi Pandey,IT,Senior,62,15,6922,3,3,Medium,1827
179,Vihaan Tripathi,Operations,Junior,47,18,7997,4,2,Medium,6173
180,Vivaan Tripathi,IT,Junior,49,13,10032,4,1,High,1911
181,Vivaan Kapoor,IT,Associate,23,18,3992,2,4,Medium,2760
182,Ishita Kapoor,IT,Lead,27,2,11112,1,5,Medium,566
183,Aryan Bhatia,HR,Junior,30,9,8287,3,5,Medium,5606
184,Riya Nair,Operations,Director,54,18,13578,4,3,Medium,841
185,Avni Reddy,IT,Senior,62,8,5240,2,1,High,6650
186,Meera Verma,Finance,Director,46,19,4476,5,4,Medium,395
187,Avni Sharma,Marketing,Director,34,12,9426,4,1,High,4974
188,Aadhya Malhotra,IT,Senior,30,6,14599,2,5,Medium,1502
189,Saanvi Malhotra,HR,Director,34,13,3389,1,1,Critical,9601
190,Aryan Rathore,Operations,Junior,52,8,3999,1,4,Medium,3805
191,Saanvi Kapoor,HR,Lead,62,18,4855,4,3,Medium,1905
192,Ananya Gupta,IT,Senior,32,14,11125,4,2,Medium,8621
193,Aarav Patel,Operations,Associate,25,19,11850,3,1,High,8877
194,Aryan Bhatia,Marketing,Director,55,13,5763,2,2,High,126
195,Krishna Mehta,IT,Senior,59,5,6663,4,5,Medium,3357
196,Diya Choudhary,HR,Manager,25,3,7986,3,3,Medium,4944
197,Myra Reddy,Sales,Manager,59,7,4481,3,3,High,2523
198,Ishita Pandey,Finance,Lead,40,16,10256,4,1,High,5088
199,Ishita Gupta,HR,Junior,27,8,6731,1,3,High,3382
200,Arjun Joshi,Operations,Lead,55,0,10262,2,1,High,926
201,Reyansh Mehta,IT,Lead,39,19,3451,2,1,High,7072
202,Ira Sharma,Finance,Lead,34,13,13667,1,2,High,8851
203,Vihaan Patel,IT,Lead,62,10,14414,4,3,Medium,4094
204,Krishna Desai,Operations,Associate,44,2,12729,2,1,High,6482
205,Reyansh Choudhary,IT,Associate,40,8,6093,4,2,Medium,2056
206,Aarav Malhotra,Sales,Senior,32,13,3882,4,4,Medium,7850
207,Ananya Kapoor,Finance,Manager,22,8,7408,3,2,High,9091
208,Saanvi Desai,Finance,Lead,45,3,7068,1,2,High,5034
209,Arjun Joshi,Operations,Senior,28,3,13758,4,1,High,5881
210,Riya Patel,Sales,Manager,46,7,6277,5,5,Low,1471
211,Diya Nair,HR,Director,42,1,11566,1,5,Medium,2466
212,Myra Yadav,IT,Junior,36,8,14889,2,5,Medium,4285
213,Arjun Patel,Marketing,Associate,22,13,10951,3,2,High,3022
214,Meera Kumar,IT,Director,33,8,14254,2,1,High,4112
215,Ananya Kumar,IT,Manager,28,15,7690,2,3,High,8222
216,Saanvi Desai,HR,Director,36,16,14442,1,2,High,616
217,Arjun Pandey,IT,Junior,42,15,7595,2,2,High,4009
218,Reyansh Gupta,Sales,Manager,40,11,7559,4,1,High,9322
219,Saanvi Reddy,Sales,Director,50,2,10291,2,4,Medium,8299
220,Myra Bhatia,Finance,Associate,46,10,11160,3,2,High,6999
221,Diya Desai,Operations,Associate,54,13,3112,3,4,Medium,8176
222,Diya Tripathi,Marketing,Senior,53,17,8131,5,4,Medium,9041
223,Aarav Desai,IT,Director,56,4,6197,3,5,Medium,5798
224,Vihaan Sharma,IT,Lead,59,15,13570,2,1,High,4929
225,Aditya Malhotra,HR,Director,47,19,13116,3,4,Medium,6275
226,Riya Mehta,Operations,Manager,32,4,3139,1,1,High,9272
227,Saanvi Mishra,Sales,Manager,56,2,4424,3,5,Medium,5084
228,Sai Tripathi,Marketing,Director,29,11,5949,4,1,High,3394
229,Ishita Kumar,Finance,Junior,35,0,6168,1,2,High,8119
230,Myra Pandey,Sales,Associate,31,8,11708,5,4,Medium,9997
231,Ishita Kapoor,Operations,Manager,23,8,13808,4,1,High,2966
232,Ira Gupta,Finance,Associate,30,3,9043,2,3,High,5386
233,Arjun Reddy,HR,Manager,24,2,9989,2,1,High,5437
234,Vihaan Rathore,HR,Senior,42,16,10236,2,4,Medium,6301
235,Saanvi Pandey,IT,Lead,47,1,9261,4,5,Medium,8846
236,Riya Gupta,Operations,Manager,29,0,3887,4,5,Medium,2535
237,Reyansh Desai,Marketing,Associate,23,7,6104,4,4,Medium,4734
238,Aryan Mehta,Finance,Senior,27,12,3049,1,2,High,5404
239,Ishita Rathore,Sales,Manager,49,14,6951,1,2,High,1247
240,Arjun Desai,Operations,Junior,50,7,6560,2,5,Medium,8970
241,Ira Bhatia,Operations,Lead,47,11,3018,3,5,Medium,3044
242,Reyansh Choudhary,HR,Manager,46,11,7821,2,4,Medium,4053
243,Meera Verma,IT,Senior,33,13,9340,5,2,Medium,4203
244,Diya Choudhary,IT,Junior,26,14,11058,1,5,Medium,2328
245,Sai Shah,Finance,Director,55,14,12665,4,2,Medium,3511
246,Aditya Kapoor,HR,Senior,58,8,5606,1,5,Medium,6277
247,Myra Choudhary,Operations,Senior,36,18,10846,4,1,High,8182
248,Aarav Patel,Marketing,Junior,57,19,11643,5,3,Medium,6245
249,Ishita Tripathi,HR,Senior,36,7,9432,5,1,High,6745
250,Vihaan Bhatia,Finance,Junior,64,18,6765,1,5,Medium,5590
251,Ishita Bhatia,Finance,Manager,44,5,5438,4,3,Medium,4874
252,Myra Kapoor,HR,Junior,27,19,12741,5,3,Medium,6851
253,Krishna Reddy,Finance,Junior,64,18,9358,2,5,Medium,821
254,Vihaan Patel,HR,Lead,42,3,14666,2,5,Medium,6529
255,Arjun Gupta,Sales,Junior,44,6,11319,4,2,High,5570
256,Sai Joshi,HR,Junior,64,3,8941,1,5,Medium,5750
257,Ananya Kumar,HR,Director,37,11,10644,5,4,Medium,5314
258,Aadhya Tripathi,Finance,Manager,36,12,7855,1,5,Medium,5661
259,Aarav Kapoor,Finance,Lead,46,2,9547,2,4,Medium,1348
260,Aditya Bhatia,IT,Director,57,11,10196,5,5,Low,5155
261,Saanvi Patel,IT,Associate,32,1,8911,1,2,High,901
262,Diya Nair,Sales,Manager,36,1,9481,3,4,Medium,9876
263,Sai Rathore,IT,Manager,25,8,5761,4,1,High,8913
264,Myra Reddy,HR,Associate,42,0,7456,4,4,Medium,2760
265,Avni Malhotra,Finance,Junior,34,7,12607,3,2,High,3795
266,Avni Mishra,IT,Director,43,5,9361,2,4,Medium,9704
267,Ishaan Choudhary,IT,Senior,40,5,8693,5,5,Low,9424
268,Aadhya Reddy,Sales,Lead,55,17,8788,4,5,Low,6826
269,Riya Pandey,Operations,Senior,35,16,3201,3,2,High,8629
270,Meera Kapoor,Sales,Associate,25,11,9160,3,3,Medium,5734
271,Saanvi Choudhary,HR,Manager,48,5,13561,2,5,Medium,9396
272,Sai Bhatia,Finance,Manager,50,7,3517,2,1,High,991
273,Ishaan Sharma,Sales,Lead,49,18,10737,1,2,High,7194
274,Meera Mishra,IT,Manager,56,9,12533,4,4,Medium,2964
275,Ishita Reddy,Finance,Manager,29,0,4988,1,4,Medium,728
276,Aryan Kapoor,Finance,Lead,37,12,14737,3,1,High,205
277,Avni Yadav,IT,Director,63,16,6802,5,5,Low,5645
278,Reyansh Yadav,Sales,Director,57,2,8808,5,2,Medium,2859
279,Aadhya Patel,IT,Lead,51,7,14467,2,1,High,5092
280,Myra Nair,Operations,Associate,39,13,14846,5,5,Medium,4894
281,Meera Desai,Finance,Manager,23,2,10162,5,2,Medium,9957
282,Sai Desai,Marketing,Manager,34,15,13626,5,4,Medium,5912
283,Aditya Tripathi,Marketing,Associate,25,12,9241,3,2,High,8420
284,Diya Pandey,HR,Director,47,19,11399,5,3,Medium,1344
285,Diya Yadav,IT,Junior,46,16,8633,5,2,High,1200
286,Myra Tripathi,IT,Junior,51,12,8755,5,3,Medium,361
287,Aditya Joshi,HR,Junior,32,5,13825,1,2,High,8323
288,Aditya Desai,HR,Director,28,16,9309,3,3,Medium,2091
289,Saanvi Kumar,HR,Director,52,13,7117,2,4,Medium,2063
290,Reyansh Patel,Finance,Associate,31,16,11345,1,5,Medium,5084
291,Saanvi Kumar,Operations,Manager,60,7,14558,4,3,Medium,3510
292,Saanvi Choudhary,IT,Associate,34,10,4518,3,3,Medium,3170
293,Vihaan Kapoor,Finance,Associate,52,19,9163,3,4,Medium,7178
294,Reyansh Verma,HR,Director,28,0,5600,4,3,Medium,4120
295,Reyansh Shah,IT,Junior,63,6,5195,4,1,High,2452
296,Sai Gupta,Finance,Senior,63,16,6554,4,4,Medium,5244
297,Myra Mishra,Operations,Manager,57,9,13606,2,1,High,3082
298,Aditya Verma,Finance,Director,41,10,5849,5,4,Medium,2580
299,Saanvi Mehta,Operations,Junior,25,8,4742,3,3,High,7372
300,Krishna Gupta,HR,Senior,28,8,4306,5,1,Medium,5530
301,Ananya Mishra,Operations,Senior,22,4,6849,5,3,Medium,4690
302,Saanvi Pandey,IT,Director,63,16,10519,4,4,Medium,8614
303,Ishaan Tripathi,HR,Lead,34,8,7195,2,3,High,8508
304,Saanvi Yadav,IT,Manager,43,16,8178,1,1,Critical,4886
305,Krishna Kapoor,Marketing,Senior,42,18,5555,2,1,High,3194
306,Aditya Shah,Sales,Director,43,6,5305,5,3,Medium,2216
307,Ira Sharma,Operations,Director,49,8,10619,2,2,High,1864
308,Aditya Bhatia,Sales,Junior,30,6,12280,4,4,Medium,6073
309,Arjun Tripathi,Sales,Lead,47,12,5642,1,4,High,2807
310,Vivaan Malhotra,Operations,Manager,30,10,12369,4,3,Medium,3133
311,Ira Choudhary,HR,Associate,36,13,9409,1,2,High,7587
312,Vihaan Patel,Marketing,Junior,31,18,7757,5,1,High,971
313,Vihaan Choudhary,IT,Senior,45,10,5994,1,5,Medium,5462
314,Aadhya Kumar,Finance,Senior,63,12,11751,1,5,Medium,3508
315,Arjun Choudhary,IT,Junior,29,13,14156,1,3,High,8595
316,Aadhya Mehta,Finance,Director,45,12,4271,2,2,High,576
317,Aarav Nair,IT,Senior,37,0,4813,2,2,High,1754
318,Aditya Malhotra,Operations,Lead,47,7,14107,5,4,Medium,1525
319,Riya Tripathi,Marketing,Manager,48,11,11801,1,1,High,9076
320,Krishna Nair,Finance,Lead,58,18,5461,3,2,High,7383
321,Reyansh Tripathi,HR,Senior,25,11,7120,5,5,Low,3239
322,Aadhya Kapoor,IT,Associate,45,7,9124,1,1,High,3633
323,Krishna Mishra,IT,Manager,40,7,11475,1,1,High,5201
324,Riya Shah,Finance,Manager,57,12,14120,2,3,High,7562
325,Avni Joshi,HR,Junior,60,11,7396,5,2,Medium,1160
326,Sai Sharma,HR,Junior,31,15,12283,1,3,High,5463
327,Reyansh Mehta,Operations,Associate,46,0,3816,1,2,High,7741
328,Vivaan Bhatia,Operations,Director,39,12,10304,5,4,Medium,608
329,Ira Kumar,Operations,Manager,40,6,10331,3,3,Medium,8836
330,Reyansh Kumar,Operations,Associate,57,4,3082,5,3,Medium,6747
331,Vihaan Gupta,Operations,Junior,31,7,4920,5,5,Low,1210
332,Aryan Joshi,Operations,Junior,54,13,10817,3,3,Medium,5207
333,Vihaan Verma,Marketing,Manager,26,12,14683,5,2,Medium,6447
334,Aditya Joshi,HR,Lead,56,14,14336,1,5,Medium,9888
335,Ira Nair,Operations,Senior,55,16,5093,5,3,Medium,9880
336,Ira Tripathi,HR,Junior,54,14,10071,3,3,Medium,646
337,Vihaan Malhotra,HR,Director,42,19,10967,4,4,Medium,6496
338,Krishna Bhatia,Sales,Director,38,17,11367,5,3,Medium,3295
339,Ira Tripathi,Marketing,Junior,43,17,8285,2,1,High,4398
340,Ira Rathore,Operations,Lead,58,1,13896,1,5,Medium,36
341,Ira Joshi,IT,Lead,36,3,7937,1,1,High,6678
342,Reyansh Tripathi,Finance,Associate,56,0,3369,2,5,Medium,4632
343,Aryan Kapoor,IT,Director,49,3,4818,2,4,Medium,4578
344,Ishita Patel,Marketing,Associate,28,17,5101,5,3,Medium,8039
345,Ira Bhatia,Finance,Director,53,4,6490,2,3,Medium,4561
346,Aditya Mishra,Marketing,Senior,32,18,4779,4,3,Medium,8620
347,Ishaan Kapoor,HR,Senior,31,14,10674,3,5,Medium,3815
348,Sai Malhotra,Finance,Manager,30,7,4364,2,3,Medium,8640
349,Riya Bhatia,HR,Associate,35,19,10294,2,1,High,9366
350,Saanvi Tripathi,IT,Junior,34,16,14534,4,3,Medium,5981
351,Diya Nair,IT,Associate,46,0,6676,1,4,Medium,6864
352,Diya Joshi,Finance,Junior,23,11,5426,1,1,High,5893
353,Aadhya Malhotra,Finance,Lead,56,18,11264,5,3,Medium,4289
354,Aarav Kapoor,Operations,Associate,28,14,11089,4,3,Medium,8780
355,Krishna Shah,Marketing,Lead,42,8,5962,3,2,Medium,4610
356,Vivaan Sharma,Operations,Senior,39,6,3859,3,5,Medium,8296
357,Diya Bhatia,Marketing,Senior,24,1,7138,4,1,High,371
358,Aadhya Shah,Operations,Manager,63,8,5424,3,2,High,2116
359,Ananya Tripathi,HR,Associate,60,9,12256,1,4,High,8734
360,Ishaan Mehta,Finance,Lead,62,1,13409,3,5,Medium,4178
361,Vivaan Reddy,IT,Junior,32,18,7017,3,1,High,7067
362,Reyansh Desai,Marketing,Senior,60,10,13451,4,3,Medium,2973
363,Riya Pandey,Marketing,Senior,45,12,14943,4,1,High,2315
364,Meera Gupta,IT,Junior,40,9,13278,3,3,Medium,6186
365,Avni Mehta,Operations,Lead,25,13,11560,2,5,Medium,2195
366,Vihaan Malhotra,Marketing,Lead,47,17,13996,4,3,Medium,2229
367,Meera Joshi,HR,Associate,59,18,11342,5,4,Medium,704
368,Vivaan Shah,Finance,Associate,63,8,4134,5,3,Medium,8715
369,Avni Gupta,IT,Director,53,6,8166,1,4,High,1038
370,Sai Choudhary,Finance,Director,60,2,8119,3,5,Medium,7062
371,Krishna Desai,Marketing,Manager,57,19,8694,2,5,Medium,4208
372,Avni Kapoor,Marketing,Senior,61,5,13976,1,1,High,5393
373,Myra Pandey,IT,Associate,58,1,9136,3,4,Medium,7889
374,Saanvi Mishra,HR,Lead,54,5,8485,4,4,Medium,9754
375,Riya Yadav,Sales,Junior,57,2,7164,5,2,Medium,391
376,Aryan Joshi,IT,Lead,24,15,5346,2,2,High,6453
377,Vivaan Shah,Sales,Senior,30,7,8039,5,2,Medium,3517
378,Aarav Pandey,Operations,Director,29,1,7897,4,3,Medium,7861
379,Arjun Mishra,Sales,Lead,54,16,13442,3,2,High,5416
380,Aryan Kumar,HR,Manager,27,8,11252,4,4,Medium,9156
381,Diya Gupta,Operations,Senior,62,11,8041,4,3,Medium,6617
382,Krishna Kumar,Sales,Director,60,2,14202,5,5,Low,613
383,Sai Kapoor,Operations,Junior,25,10,6901,2,1,High,2365
384,Ananya Joshi,Sales,Director,34,0,4337,4,2,Medium,1952
385,Reyansh Bhatia,HR,Manager,23,12,4184,5,5,Low,2057
386,Vihaan Gupta,Sales,Senior,26,14,7426,2,4,Medium,4339
387,Myra Joshi,Sales,Junior,48,4,4551,3,1,High,6158
388,Vihaan Choudhary,Sales,Manager,53,16,4629,3,5,Medium,5662
389,Sai Pandey,IT,Director,42,5,12519,1,1,High,94
390,Vivaan Joshi,IT,Manager,29,10,4526,5,2,Medium,3036
391,Ananya Bhatia,IT,Senior,59,17,12865,2,4,Medium,2061
392,Myra Tripathi,HR,Associate,29,3,4361,4,1,High,6364
393,Reyansh Patel,Operations,Manager,24,2,12765,3,5,Medium,1963
394,Sai Desai,Marketing,Manager,24,12,13878,2,2,High,5312
395,Aadhya Verma,Sales,Director,43,8,7370,5,2,Medium,8718
396,Arjun Gupta,Sales,Director,27,5,8283,1,5,Medium,2883
397,Riya Gupta,HR,Junior,23,11,10610,3,5,Medium,1965
398,Aadhya Sharma,Sales,Director,44,1,13558,2,1,High,6850
399,Avni Desai,IT,Lead,23,2,14949,2,3,Medium,6330
400,Sai Joshi,Marketing,Senior,59,2,13626,2,2,High,8598
401,Ira Kumar,Finance,Senior,38,11,4993,5,1,High,5799
402,Krishna Yadav,Sales,Associate,56,14,3869,5,5,Low,5266
403,Vihaan Pandey,IT,Associate,55,8,4014,5,1,High,7962
404,Reyansh Gupta,Finance,Senior,44,7,13103,4,5,Medium,2934
405,Aarav Mehta,Marketing,Associate,51,10,3602,2,4,Medium,3433
406,Aditya Tripathi,Finance,Junior,29,15,3690,3,5,Medium,920
407,Meera Choudhary,IT,Director,43,3,11685,5,5,Low,8589
408,Meera Malhotra,Operations,Senior,57,0,3489,5,5,Medium,3763
409,Aryan Kapoor,Operations,Associate,26,6,9864,2,3,High,4296
410,Aditya Choudhary,Finance,Senior,34,1,10240,5,5,Low,2772
411,Sai Pandey,HR,Lead,50,4,13748,4,2,High,432
412,Vihaan Desai,Finance,Manager,52,6,10786,4,2,High,6021
413,Diya Tripathi,Sales,Director,37,3,11024,5,1,Medium,1965
414,Avni Mishra,Sales,Senior,63,4,3294,2,3,High,4051
415,Reyansh Reddy,Operations,Manager,51,0,8488,2,1,High,9530
416,Reyansh Tripathi,HR,Associate,37,0,7027,2,2,High,6466
417,Aarav Verma,IT,Manager,33,14,14035,1,2,High,5459
418,Aryan Malhotra,Sales,Director,38,19,5912,5,4,Medium,4014
419,Ananya Mishra,Operations,Senior,37,18,12909,2,5,Medium,4646
420,Myra Rathore,Marketing,Lead,33,9,13788,4,2,Medium,6729
421,Arjun Tripathi,Operations,Associate,29,17,7744,3,1,High,8249
422,Diya Verma,Sales,Senior,41,2,4873,3,1,High,7268
423,Saanvi Tripathi,Sales,Director,24,10,6258,2,5,Medium,7506
424,Arjun Bhatia,Operations,Associate,37,14,5817,3,5,Medium,3095
425,Myra Sharma,IT,Junior,51,10,11636,3,4,Medium,6394
426,Riya Tripathi,Finance,Manager,44,16,6641,1,3,High,5990
427,Vihaan Malhotra,Sales,Director,49,16,7458,4,1,High,1370
428,Arjun Pandey,Operations,Junior,61,5,8307,4,5,Medium,5304
429,Meera Pandey,Operations,Senior,26,4,11933,1,1,High,9979
430,Avni Bhatia,HR,Lead,41,7,5041,1,5,Medium,1623
431,Ira Yadav,Finance,Associate,61,1,3679,3,2,High,3074
432,Aditya Reddy,Marketing,Manager,22,15,13659,5,1,High,1885
433,Aadhya Tripathi,IT,Associate,51,19,14889,3,2,High,2942
434,Ishita Shah,Marketing,Senior,42,11,8738,1,1,High,970
435,Sai Mehta,Finance,Associate,41,5,8668,4,3,Medium,1227
436,Diya Reddy,Finance,Manager,27,0,12550,3,4,Medium,4024
437,Aryan Gupta,Finance,Senior,43,3,10697,5,2,Medium,4768
438,Reyansh Mehta,Marketing,Associate,39,16,11033,3,5,Medium,4813
439,Aadhya Sharma,Finance,Lead,29,12,3062,2,3,High,427
440,Ira Patel,Operations,Director,60,17,10829,3,1,High,1334
441,Ishaan Yadav,Marketing,Senior,53,4,13751,1,2,High,4658
442,Myra Nair,Finance,Director,54,2,14961,4,1,High,287
443,Riya Pandey,Operations,Senior,37,10,10352,4,1,High,8700
444,Vihaan Tripathi,HR,Lead,33,12,9915,1,1,High,5130
445,Aadhya Joshi,Finance,Director,59,3,11326,2,4,Medium,2813
446,Reyansh Rathore,Marketing,Junior,55,13,6644,1,4,Medium,5266
447,Aditya Bhatia,Sales,Manager,35,10,7970,3,5,Medium,7499
448,Ishita Patel,Finance,Junior,57,9,13327,1,2,High,5171
449,Diya Rathore,Sales,Associate,54,18,11003,1,3,High,8916
450,Aryan Reddy,Operations,Lead,44,17,6278,2,3,High,7638
451,Meera Gupta,HR,Junior,23,5,10296,3,3,High,432
452,Avni Shah,IT,Senior,62,14,12014,5,1,Medium,7367
453,Ishita Desai,HR,Associate,42,9,6074,5,4,Medium,64
454,Vivaan Patel,Finance,Associate,23,4,14173,4,2,High,1220
455,Saanvi Joshi,Sales,Junior,48,4,11312,1,1,High,1863
456,Riya Shah,Sales,Junior,30,9,10552,4,4,Medium,6745
457,Arjun Kumar,Marketing,Lead,22,4,4637,2,4,Medium,5756
458,Myra Joshi,Sales,Manager,32,2,8103,5,2,Medium,1061
459,Aarav Desai,Marketing,Junior,24,5,12116,1,2,High,3784
460,Ishita Kapoor,Operations,Junior,44,3,3644,2,2,High,9787
461,Diya Nair,IT,Director,47,17,5032,2,1,High,9457
462,Krishna Mehta,Finance,Senior,25,8,5761,1,5,Medium,19
463,Vivaan Bhatia,Marketing,Director,39,16,5068,2,2,High,1403
464,Aadhya Patel,IT,Director,27,12,3241,1,5,Medium,5310
465,Riya Patel,Sales,Associate,56,14,5668,1,1,High,7331
466,Aditya Nair,Sales,Manager,43,19,3802,3,5,Medium,8719
467,Aditya Patel,IT,Senior,64,16,8059,4,3,High,5753
468,Aryan Kumar,Sales,Lead,36,12,3195,2,5,Medium,4492
469,Aadhya Mishra,Operations,Lead,43,15,5187,2,2,High,6927
470,Krishna Patel,Operations,Junior,58,3,14707,3,1,High,7953
471,Ananya Nair,IT,Junior,63,4,5330,3,2,High,7714
472,Ira Verma,Marketing,Lead,33,4,13551,3,3,Medium,3870
473,Vivaan Nair,Marketing,Junior,63,8,7841,5,2,Medium,6440
474,Meera Bhatia,IT,Manager,59,16,6606,5,2,Medium,1727
475,Riya Reddy,Marketing,Director,39,12,11468,5,2,Medium,1044
476,Aadhya Tripathi,Marketing,Junior,56,1,3060,1,4,High,8534
477,Saanvi Gupta,Operations,Associate,51,12,14582,2,3,High,5318
478,Reyansh Tripathi,Marketing,Junior,45,18,13105,4,2,Medium,1970
479,Riya Desai,HR,Senior,63,2,6927,1,2,High,6575
480,Vivaan Shah,Finance,Manager,51,9,9296,2,2,High,1708
481,Diya Mishra,Sales,Senior,35,1,5591,2,1,High,3056
482,Aryan Kumar,HR,Senior,27,12,11758,3,4,Medium,2504
483,Aryan Sharma,Marketing,Associate,24,18,12763,3,1,High,2163
484,Aditya Mehta,Operations,Manager,37,16,9121,1,4,Medium,3767
485,Meera Sharma,IT,Manager,28,13,4200,3,2,High,7708
486,Aditya Tripathi,Marketing,Manager,35,11,5854,2,3,Medium,3667
487,Ishita Tripathi,Operations,Manager,30,11,14087,3,5,Medium,7476
488,Vihaan Verma,Finance,Manager,36,10,10024,5,5,Low,2217
489,Vihaan Patel,Marketing,Associate,42,6,12428,3,2,Medium,5947
490,Aadhya Choudhary,IT,Junior,56,3,9972,2,1,High,785
491,Vivaan Rathore,Operations,Senior,23,18,3136,1,3,High,2277
492,Vivaan Shah,Operations,Manager,48,0,4029,4,4,Medium,8028
493,Sai Mishra,Operations,Junior,23,2,13348,3,2,High,7306
494,Aryan Sharma,Finance,Junior,56,12,5594,2,3,Medium,9168
495,Myra Kumar,Marketing,Senior,39,14,10206,4,3,Medium,1896
496,Saanvi Gupta,Finance,Associate,35,1,3661,4,4,Medium,6605
497,Diya Choudhary,Sales,Lead,41,10,5472,5,3,Medium,643
498,Meera Gupta,Sales,Lead,39,3,13869,4,1,High,1413
499,Reyansh Bhatia,Marketing,Junior,31,18,13500,2,1,High,2421
500,Aryan Tripathi,Finance,Director,46,16,3086,2,1,Critical,8280
501,Meera Sharma,IT,Director,23,2,13704,3,3,Medium,4901
502,Aditya Kapoor,Operations,Senior,46,17,9219,3,1,High,9226
503,Ira Verma,Operations,Lead,54,7,11143,3,4,Medium,631
504,Krishna Yadav,Marketing,Junior,57,18,9968,4,3,Medium,4610
505,Krishna Malhotra,Sales,Associate,52,4,14134,4,5,Low,2103
506,Aadhya Kapoor,Sales,Lead,35,6,5773,5,3,Medium,6629
507,Vihaan Mishra,Operations,Junior,22,7,13696,3,4,Medium,5538
508,Krishna Bhatia,Marketing,Junior,37,4,14502,1,5,Medium,7529
509,Riya Mishra,Finance,Manager,24,16,4700,5,3,Medium,2165
510,Vihaan Nair,Sales,Associate,56,4,14862,1,1,High,7720
511,Avni Reddy,Finance,Manager,62,3,5700,4,2,High,2150
512,Aryan Reddy,Sales,Senior,27,18,9815,5,2,Medium,5263
513,Reyansh Rathore,Sales,Manager,46,1,14821,5,1,High,7750
514,Ishaan Rathore,HR,Manager,34,10,4647,2,2,High,7820
515,Avni Rathore,Sales,Lead,55,12,9038,4,2,Medium,4432
516,Reyansh Malhotra,IT,Director,29,14,8164,4,1,High,4238
517,Ishaan Rathore,Marketing,Junior,42,11,8520,5,1,Medium,7674
518,Ananya Desai,Marketing,Associate,55,10,14510,4,3,Medium,3047
519,Aarav Kapoor,Finance,Manager,25,6,6687,5,3,Medium,2535
520,Sai Tripathi,Sales,Associate,46,4,3596,2,1,High,2384
521,Riya Yadav,IT,Director,36,16,7545,5,4,Medium,1368
522,Ishaan Sharma,Finance,Director,25,19,11676,4,2,Medium,2400
523,Ira Malhotra,HR,Manager,33,8,11837,4,3,Medium,9676
524,Krishna Reddy,Finance,Senior,53,13,14281,5,2,Medium,3971
525,Aditya Patel,Finance,Manager,53,11,7757,5,5,Low,6067
526,Riya Sharma,Sales,Lead,49,5,7384,5,1,High,5992
527,Vihaan Yadav,HR,Junior,34,16,11912,3,4,Medium,1002
528,Meera Mishra,Finance,Senior,52,18,7733,4,5,Medium,6212
529,Arjun Tripathi,IT,Manager,35,18,10081,4,5,Low,5262
530,Krishna Nair,IT,Associate,41,15,11690,3,5,Medium,183
531,Aadhya Mehta,Marketing,Senior,39,11,10117,5,1,High,8520
532,Aadhya Joshi,HR,Senior,50,11,7729,2,3,High,5771
533,Ananya Tripathi,HR,Manager,27,19,4673,5,1,Medium,7241
534,Ishita Nair,Marketing,Senior,53,5,14259,5,3,Medium,6207
535,Sai Malhotra,Finance,Associate,50,3,11306,3,5,Medium,2135
536,Vihaan Kapoor,HR,Director,64,5,14171,4,5,Low,8296
537,Myra Pandey,IT,Senior,23,10,12928,5,4,Medium,7959
538,Myra Nair,IT,Director,44,0,14803,4,3,Medium,8942
539,Aadhya Nair,Sales,Associate,40,14,10178,1,5,Medium,5863
540,Myra Gupta,HR,Manager,52,10,13445,4,2,High,7560
541,Riya Desai,Finance,Junior,26,18,5294,2,4,Medium,4878
542,Riya Bhatia,Marketing,Senior,40,17,6630,2,1,High,9557
543,Avni Malhotra,Marketing,Junior,55,16,3146,5,4,Medium,6446
544,Aadhya Patel,Finance,Associate,31,18,6453,4,2,Medium,4130
545,Riya Rathore,Operations,Senior,46,13,7507,5,3,Medium,3624
546,Aditya Malhotra,Sales,Director,23,17,8783,3,1,High,7261
547,Reyansh Nair,Marketing,Lead,32,18,10751,2,1,High,9630
548,Ananya Mishra,HR,Junior,52,14,13602,5,3,Medium,7517
549,Arjun Kapoor,Sales,Senior,36,14,8628,3,4,Medium,4883
550,Ishaan Verma,HR,Junior,30,3,11328,5,5,Low,7253
551,Ishita Joshi,IT,Senior,44,6,6360,4,4,Medium,2712
552,Ananya Sharma,Sales,Manager,40,12,6005,4,2,High,5291
553,Ishaan Yadav,Marketing,Director,30,2,6552,4,5,Medium,3324
554,Arjun Shah,Sales,Junior,56,15,3018,4,4,Medium,876
555,Reyansh Rathore,Sales,Lead,42,8,5242,1,3,High,3897
556,Riya Rathore,Sales,Lead,30,7,9318,3,2,High,362
557,Myra Patel,Operations,Associate,49,19,8097,3,2,High,9478
558,Reyansh Kumar,Sales,Senior,28,12,11640,4,2,Medium,2574
559,Krishna Gupta,HR,Junior,37,16,4948,1,5,Medium,1767
560,Krishna Joshi,IT,Associate,37,16,12137,4,1,High,4113
561,Diya Sharma,Finance,Junior,54,16,8618,1,5,Medium,2772
562,Ananya Mishra,Sales,Senior,25,0,7236,4,4,Medium,1775
563,Ira Pandey,Marketing,Lead,25,7,9901,2,1,High,9193
564,Aryan Nair,Sales,Manager,60,18,4920,2,4,Medium,9933
565,Vihaan Kapoor,Marketing,Lead,61,5,14169,5,1,Medium,3164
566,Myra Joshi,HR,Associate,38,2,7188,4,5,Medium,4406
567,Aadhya Mishra,Marketing,Director,58,4,3238,3,2,High,7770
568,Aryan Reddy,Finance,Manager,60,12,3204,5,3,Medium,805
569,Ishaan Desai,IT,Associate,50,14,13799,2,2,High,1275
570,Sai Patel,Marketing,Senior,57,13,8552,4,5,Medium,705
571,Krishna Reddy,Marketing,Manager,59,15,7927,5,1,Medium,4187
572,Aryan Sharma,IT,Associate,60,17,14580,4,2,Medium,8169
573,Aadhya Joshi,Finance,Senior,58,10,14164,2,5,Medium,954
574,Krishna Shah,Sales,Lead,56,2,7390,5,4,Medium,7216
575,Ananya Desai,Marketing,Director,28,9,5687,2,3,High,7817
576,Vivaan Mehta,IT,Senior,48,9,7951,1,2,High,4803
577,Diya Mishra,HR,Junior,49,15,9160,2,1,High,4562
578,Sai Shah,IT,Senior,43,11,8388,4,4,Medium,4729
579,Krishna Kapoor,HR,Senior,35,1,12540,3,5,Medium,9122
580,Vihaan Bhatia,Finance,Director,28,8,8126,2,3,High,6487
581,Ira Mehta,Sales,Junior,58,2,3816,3,1,High,5540
582,Reyansh Pandey,IT,Associate,43,14,12012,1,5,Medium,1296
583,Avni Verma,Operations,Associate,26,2,3192,5,5,Low,9653
584,Aarav Shah,Marketing,Senior,23,18,4776,5,2,Medium,1670
585,Ananya Nair,Finance,Junior,48,17,6645,3,2,High,48
586,Krishna Verma,IT,Junior,42,7,9314,5,1,High,9851
587,Meera Rathore,Marketing,Director,59,16,11442,2,5,Medium,9590
588,Arjun Tripathi,IT,Lead,36,7,4788,3,2,High,1840
589,Ananya Patel,HR,Associate,42,6,10374,4,3,Medium,2643
590,Meera Reddy,IT,Director,31,6,6700,2,3,High,4245
591,Riya Sharma,Operations,Manager,44,2,13655,2,5,Medium,1553
592,Myra Bhatia,IT,Associate,60,0,12359,2,2,High,1576
593,Sai Bhatia,IT,Director,26,3,6893,4,1,High,4295
594,Aryan Sharma,Operations,Associate,22,4,9811,1,1,High,9750
595,Saanvi Verma,Finance,Lead,34,0,12288,5,1,High,9162
596,Vivaan Sharma,IT,Manager,42,14,5679,3,3,Medium,2143
597,Aarav Sharma,Operations,Lead,47,4,13039,1,2,High,4885
598,Avni Verma,Marketing,Manager,42,12,6904,3,2,High,9560
599,Aditya Desai,HR,Senior,39,7,10260,5,3,Medium,1894
600,Aarav Tripathi,HR,Director,58,7,3504,4,1,High,7510
601,Sai Nair,IT,Manager,53,4,12813,2,1,High,401
602,Myra Mishra,Finance,Lead,57,8,13664,2,5,Medium,2788
603,Myra Sharma,Finance,Associate,38,0,13738,4,4,Medium,1818
604,Aryan Reddy,Marketing,Manager,56,3,12579,1,2,High,5952
605,Avni Rathore,IT,Director,32,2,14186,1,2,High,279
606,Aarav Yadav,HR,Manager,42,1,9773,3,2,High,4520
607,Reyansh Pandey,Finance,Junior,47,7,6816,4,4,Medium,7248
608,Aditya Sharma,IT,Associate,25,8,3717,1,5,Medium,2632
609,Avni Malhotra,Finance,Director,55,1,14676,4,4,Medium,6927
610,Vivaan Kapoor,Operations,Director,39,13,7434,5,1,Medium,9103
611,Reyansh Nair,Finance,Senior,61,13,3658,2,1,High,7050
612,Vivaan Rathore,HR,Lead,56,3,8057,2,2,High,1361
613,Vihaan Nair,Sales,Senior,62,5,7008,2,3,High,6896
614,Ishita Desai,Marketing,Director,50,10,7994,4,2,High,9232
615,Aditya Patel,Marketing,Associate,50,2,7234,4,3,Medium,5387
616,Myra Shah,HR,Manager,59,7,6764,3,4,Medium,4785
617,Sai Joshi,Finance,Manager,63,2,14181,2,1,High,6507
618,Krishna Choudhary,IT,Associate,42,13,7637,3,3,High,4412
619,Aadhya Bhatia,Finance,Director,63,12,5104,2,4,High,864
620,Reyansh Patel,HR,Manager,34,12,12447,3,1,High,550
621,Aadhya Mishra,Marketing,Manager,62,1,9801,3,3,Medium,1975
622,Aditya Tripathi,Finance,Manager,38,12,13674,5,2,Medium,3252
623,Arjun Patel,Marketing,Lead,30,18,11575,3,2,High,5712
624,Krishna Pandey,IT,Lead,62,5,5607,4,2,Medium,5017
625,Riya Verma,Marketing,Junior,22,15,11385,3,4,Medium,5045
626,Ananya Nair,Marketing,Senior,23,1,14999,2,2,High,2134
627,Aryan Shah,Sales,Associate,50,7,6719,3,5,Medium,1925
628,Ananya Mishra,Sales,Associate,54,16,5581,1,1,High,1454
629,Krishna Pandey,Operations,Associate,31,1,5565,2,4,High,6985
630,Diya Mishra,Sales,Junior,61,9,5763,1,2,High,4192
631,Avni Malhotra,Marketing,Lead,42,15,13990,2,1,High,5717
632,Avni Malhotra,HR,Director,49,5,9328,4,3,Medium,2734
633,Arjun Bhatia,Marketing,Director,32,1,8991,4,2,High,2342
634,Meera Bhatia,HR,Junior,55,1,13531,4,1,High,9098
635,Ishaan Kapoor,HR,Director,29,12,6406,1,5,Medium,2123
636,Aryan Rathore,Sales,Associate,43,14,11923,5,3,Medium,1653
637,Reyansh Rathore,Finance,Senior,29,1,14064,2,5,Medium,3393
638,Ishita Patel,IT,Manager,36,6,14312,4,1,High,1387
639,Diya Nair,Sales,Lead,38,2,7780,2,5,Medium,7878
640,Vivaan Mehta,Sales,Lead,44,7,7177,1,1,Critical,8068
641,Aryan Yadav,Finance,Junior,45,13,9476,5,1,High,4044
642,Aditya Nair,IT,Lead,40,6,5604,1,5,Medium,7253
643,Ira Desai,Marketing,Associate,26,6,11181,2,1,High,7417
644,Aadhya Rathore,Operations,Director,53,0,5382,5,2,Medium,491
645,Vihaan Yadav,Operations,Associate,22,16,3531,5,1,High,7056
646,Ishaan Kapoor,Marketing,Junior,44,8,9079,1,4,High,7776
647,Riya Shah,Sales,Associate,58,12,3634,4,1,High,3552
648,Ishaan Tripathi,IT,Director,29,18,12961,2,4,Medium,7099
649,Ira Tripathi,Sales,Senior,34,18,14996,3,1,High,1327
650,Ishaan Shah,HR,Junior,29,16,13562,3,1,High,4673
651,Ishita Kapoor,Sales,Senior,44,9,3002,1,5,Medium,3947
652,Sai Tripathi,Sales,Manager,64,9,11397,2,2,High,9527
653,Ishita Rathore,Marketing,Senior,22,3,8951,2,2,High,7627
654,Saanvi Malhotra,Marketing,Manager,45,7,13813,1,3,High,9947
655,Krishna Mehta,Marketing,Manager,56,19,8626,2,5,Medium,1425
656,Arjun Reddy,Operations,Senior,45,19,10739,4,5,Medium,1177
657,Riya Rathore,HR,Junior,38,17,9003,1,2,High,2652
658,Avni Yadav,Marketing,Director,26,13,5890,4,5,Medium,7681
659,Ira Bhatia,IT,Associate,41,17,14385,2,2,High,3690
660,Vivaan Rathore,Operations,Associate,42,13,13858,1,5,Medium,774
661,Saanvi Tripathi,Finance,Director,61,19,9239,2,1,High,6889
662,Ishita Gupta,IT,Manager,52,14,11026,1,2,High,6884
663,Aryan Bhatia,IT,Manager,57,3,6306,2,2,High,9262
664,Sai Rathore,Marketing,Junior,32,12,3897,4,4,Medium,811
665,Ananya Malhotra,Finance,Lead,36,7,12277,4,5,Medium,5997
666,Krishna Rathore,Finance,Senior,40,17,12471,2,5,Medium,8546
667,Aadhya Tripathi,Operations,Manager,28,11,3670,1,2,High,8892
668,Aadhya Kumar,Finance,Associate,49,13,10291,3,1,High,9087
669,Aarav Shah,HR,Junior,64,1,4505,4,1,High,3758
670,Meera Rathore,Marketing,Senior,26,17,9460,4,1,High,5964
671,Aadhya Bhatia,Finance,Junior,26,1,14767,3,5,Medium,6661
672,Riya Mishra,Operations,Senior,51,10,8167,2,4,Medium,8036
673,Ishita Malhotra,HR,Senior,53,8,13147,1,2,High,8816
674,Aadhya Desai,Sales,Director,29,11,8255,2,3,High,887
675,Avni Shah,Sales,Manager,31,16,3249,5,4,Low,6485
676,Aarav Nair,HR,Junior,59,14,9457,4,3,Medium,7999
677,Krishna Nair,Operations,Junior,53,16,4892,5,4,Medium,8906
678,Vihaan Reddy,HR,Director,49,17,6439,4,1,High,2050
679,Avni Desai,Marketing,Associate,38,5,13045,4,5,Medium,8799
680,Krishna Mishra,Marketing,Associate,52,16,5854,5,3,Medium,488
681,Meera Mishra,Sales,Manager,29,17,12695,5,4,Medium,2954
682,Sai Kumar,Finance,Manager,61,7,14577,2,5,Medium,3817
683,Aditya Bhatia,Operations,Lead,46,8,14763,5,3,Medium,8148
684,Riya Desai,Sales,Director,30,5,6792,2,2,High,7166
685,Ishita Gupta,Finance,Associate,23,4,14618,2,4,Medium,35
686,Ananya Mishra,Finance,Senior,36,11,8330,2,2,High,6265
687,Vivaan Tripathi,Marketing,Junior,24,10,10871,4,1,High,7562
688,Vihaan Gupta,IT,Manager,57,0,11235,4,2,High,5500
689,Ishaan Shah,IT,Junior,25,10,6612,5,2,Medium,2328
690,Riya Choudhary,HR,Junior,35,18,5618,4,4,Medium,1869
691,Myra Bhatia,Marketing,Lead,62,8,7678,5,1,High,944
692,Diya Bhatia,Finance,Associate,62,1,6163,4,2,Medium,4016
693,Avni Kapoor,Operations,Manager,46,11,12480,1,5,Medium,1451
694,Saanvi Kapoor,IT,Junior,31,3,5942,1,3,High,6628
695,Ishita Sharma,Finance,Manager,42,3,11411,5,2,Medium,7111
696,Meera Choudhary,IT,Senior,57,17,4925,4,1,High,3027
697,Myra Verma,IT,Lead,33,14,5972,4,2,Medium,9929
698,Ishaan Mehta,IT,Senior,48,18,14705,2,3,High,5783
699,Krishna Bhatia,Operations,Manager,61,12,13640,3,1,High,7935
700,Aryan Mehta,Marketing,Manager,23,18,14663,5,4,Medium,5252
701,Vihaan Bhatia,Operations,Associate,34,16,13966,3,1,High,2862
702,Vivaan Pandey,Sales,Junior,53,5,3990,3,4,Medium,1571
703,Riya Mehta,Finance,Junior,52,15,14138,5,1,Medium,1632
704,Ira Malhotra,Marketing,Senior,37,11,4812,4,3,Medium,5442
705,Sai Bhatia,Marketing,Lead,53,18,11995,5,3,Medium,3765
706,Riya Kapoor,Marketing,Director,53,4,3489,3,1,High,1895
707,Sai Bhatia,Marketing,Junior,55,16,14748,4,2,Medium,2564
708,Ananya Gupta,Operations,Associate,32,0,8876,1,3,High,702
709,Ananya Bhatia,Marketing,Senior,31,9,12685,5,4,Medium,3309
710,Aadhya Nair,HR,Senior,36,14,6645,5,4,Medium,2376
711,Aarav Reddy,Finance,Director,38,10,10081,4,5,Medium,155
712,Reyansh Malhotra,Marketing,Associate,61,12,5891,1,4,High,3621
713,Krishna Yadav,Finance,Lead,39,4,12897,1,5,Medium,859
714,Krishna Mehta,HR,Associate,30,0,6516,4,1,High,1725
715,Meera Joshi,HR,Lead,46,11,6340,2,1,High,5862
716,Saanvi Gupta,Finance,Associate,61,10,9410,5,1,High,9993
717,Krishna Yadav,IT,Associate,35,16,3053,5,2,Medium,2684
718,Sai Reddy,Sales,Manager,46,3,5575,3,2,High,7494
719,Sai Pandey,IT,Senior,43,14,14783,4,5,Low,5718
720,Aryan Tripathi,IT,Associate,51,8,3615,3,4,Medium,1522
721,Ira Mehta,Operations,Director,41,19,8944,3,4,Medium,271
722,Aryan Mehta,IT,Associate,42,18,10404,1,1,High,5206
723,Saanvi Shah,Marketing,Junior,53,18,3954,5,3,Medium,4819
724,Aarav Gupta,Operations,Senior,42,11,13625,3,2,High,8703
725,Ira Choudhary,Operations,Junior,56,4,4629,1,2,High,9166
726,Saanvi Malhotra,HR,Senior,53,9,13973,4,1,High,5099
727,Saanvi Bhatia,IT,Junior,51,16,9859,3,2,High,5890
728,Krishna Mishra,HR,Associate,60,4,11841,5,1,High,9932
729,Reyansh Verma,Finance,Associate,33,15,13539,3,5,Medium,9343
730,Reyansh Mishra,Sales,Manager,62,6,6278,4,4,Medium,8905
731,Reyansh Verma,Operations,Director,39,8,8455,3,3,Medium,8078
732,Ishita Mishra,Finance,Junior,42,2,13832,5,4,Medium,1623
733,Saanvi Reddy,Finance,Lead,34,14,6801,1,4,High,7942
734,Riya Mehta,Marketing,Manager,42,15,5561,5,5,Low,3604
735,Ishaan Nair,Sales,Junior,29,17,14441,1,2,High,4973
736,Saanvi Verma,Finance,Junior,61,13,9539,2,3,High,489
737,Aditya Choudhary,Finance,Manager,28,2,3370,5,2,Medium,876
738,Aarav Gupta,Sales,Associate,44,11,3857,5,4,Medium,7714
739,Ishita Joshi,Sales,Junior,53,8,7886,4,1,High,2238
740,Aditya Patel,Finance,Associate,32,6,10485,3,4,Medium,6182
741,Aditya Choudhary,Sales,Manager,43,8,3383,1,2,High,843
742,Vihaan Pandey,Finance,Associate,43,12,13744,1,4,High,6398
743,Sai Verma,Finance,Senior,64,17,7334,4,1,High,2707
744,Aryan Joshi,Marketing,Lead,46,4,7290,4,5,Medium,6262
745,Aarav Joshi,IT,Junior,43,12,5725,3,2,High,2531
746,Krishna Kapoor,Finance,Director,49,3,14485,3,4,Medium,8057
747,Avni Reddy,HR,Lead,50,1,9204,5,2,High,519
748,Meera Joshi,Operations,Associate,34,15,9111,2,5,Medium,2645
749,Meera Malhotra,IT,Junior,39,8,7251,3,4,Medium,7188
750,Avni Kumar,IT,Associate,23,8,3922,4,4,Medium,8279
751,Riya Nair,IT,Senior,50,5,5915,3,2,High,5796
752,Saanvi Choudhary,Marketing,Manager,42,10,14142,1,2,High,7756
753,Arjun Nair,Finance,Junior,36,0,10957,2,1,High,7173
754,Saanvi Verma,Marketing,Senior,48,3,6046,5,5,Medium,891
755,Diya Gupta,Finance,Senior,52,12,12166,1,1,High,3924
756,Diya Malhotra,Marketing,Junior,36,12,4230,1,4,High,637
757,Arjun Mehta,Marketing,Associate,44,12,13627,2,2,High,162
758,Myra Bhatia,Operations,Director,45,1,10647,5,4,Medium,9990
759,Arjun Patel,HR,Senior,34,8,13006,4,4,Medium,1274
760,Meera Patel,Marketing,Lead,43,7,14126,5,3,Medium,6506
761,Krishna Yadav,Operations,Senior,64,6,7933,3,3,High,9462
762,Aryan Mehta,Sales,Director,58,3,12555,1,4,Medium,8519
763,Meera Nair,HR,Associate,54,17,6940,3,2,High,6988
764,Avni Shah,Marketing,Associate,24,2,9483,4,4,Medium,2391
765,Aadhya Malhotra,IT,Lead,40,5,3203,3,3,Medium,6899
766,Vihaan Verma,Sales,Senior,44,11,3160,5,2,Medium,9263
767,Myra Choudhary,Sales,Associate,50,11,11960,3,4,Medium,700
768,Aarav Joshi,Operations,Director,51,7,6748,4,5,Low,671
769,Ishaan Kumar,Sales,Junior,60,0,9718,4,5,Medium,3141
770,Aditya Mishra,HR,Manager,46,3,5581,4,4,Medium,3435
771,Vihaan Reddy,Marketing,Manager,58,10,4093,5,2,Medium,9072
772,Sai Malhotra,Marketing,Manager,29,2,7500,4,4,Medium,9734
773,Aditya Rathore,IT,Senior,63,12,11799,1,4,Medium,4261
774,Ira Desai,Operations,Lead,37,16,8710,4,3,Medium,9568
775,Reyansh Joshi,IT,Associate,29,9,12732,3,5,Medium,4004
776,Aadhya Bhatia,Sales,Junior,22,11,5875,3,3,Medium,2585
777,Myra Kumar,IT,Director,26,14,6191,3,3,Medium,2724
778,Diya Nair,HR,Junior,24,9,4837,5,4,Medium,7248
779,Ananya Malhotra,Marketing,Director,22,13,3689,3,3,Medium,8486
780,Aarav Choudhary,Sales,Senior,25,12,6759,5,5,Low,6199
781,Aditya Bhatia,IT,Manager,61,4,14141,5,3,Medium,5860
782,Ananya Kumar,Operations,Senior,56,5,5103,4,5,Medium,692
783,Saanvi Bhatia,HR,Lead,53,1,3365,1,3,High,6589
784,Aadhya Yadav,HR,Lead,63,16,14767,4,5,Medium,6651
785,Aarav Nair,IT,Director,55,3,11092,4,3,Medium,9437
786,Riya Shah,Marketing,Associate,64,13,7172,5,3,Medium,8844
787,Meera Shah,IT,Associate,46,9,9033,5,2,High,8777
788,Aryan Kumar,Sales,Director,31,2,5378,3,5,Medium,1661
789,Meera Bhatia,IT,Lead,42,2,4205,3,5,Medium,2957
790,Aarav Sharma,HR,Lead,60,14,7988,4,5,Medium,3158
791,Ananya Pandey,IT,Lead,48,5,8669,2,1,High,3296
792,Vivaan Malhotra,Marketing,Senior,48,16,5735,2,3,High,2435
793,Krishna Nair,Operations,Lead,23,11,14539,3,5,Medium,6628
794,Diya Gupta,Finance,Junior,62,19,12867,2,1,High,3904
795,Aadhya Mishra,IT,Manager,34,10,11490,3,2,High,7836
796,Aryan Choudhary,Marketing,Lead,30,3,3956,5,5,Low,2631
797,Sai Verma,Marketing,Director,57,5,12306,4,5,Low,240
798,Arjun Pandey,Operations,Manager,43,0,9623,1,1,Critical,4407
799,Meera Shah,HR,Senior,63,19,13697,4,3,Medium,5147
800,Arjun Sharma,Marketing,Director,47,15,4474,3,2,High,8268
801,Saanvi Bhatia,Marketing,Manager,33,14,7460,3,5,Medium,224
802,Riya Kapoor,Marketing,Director,38,16,10002,4,3,Medium,6133
803,Vihaan Yadav,Marketing,Senior,35,7,14918,3,2,Medium,7114
804,Riya Mehta,Sales,Junior,35,11,14663,2,4,Medium,4351
805,Arjun Rathore,Sales,Senior,55,9,9396,2,4,Medium,1201
806,Sai Mehta,HR,Senior,41,14,5828,3,2,High,457
807,Ira Mishra,IT,Director,32,8,5850,3,1,High,9471
808,Sai Sharma,Marketing,Associate,37,1,13698,2,2,High,4368
809,Aditya Yadav,Operations,Lead,52,4,14962,3,2,Medium,594
810,Ishaan Malhotra,IT,Lead,27,5,5964,3,1,High,9035
811,Ira Rathore,Operations,Junior,40,6,7594,4,1,High,5245
812,Aadhya Patel,IT,Junior,58,0,12141,1,3,High,6917
813,Aadhya Mishra,HR,Lead,25,6,9644,2,3,High,8604
814,Krishna Gupta,Marketing,Associate,25,19,5850,4,1,High,9157
815,Sai Sharma,Marketing,Lead,41,11,3165,1,4,High,5992
816,Saanvi Mishra,Finance,Associate,31,15,14678,3,4,Medium,280
817,Diya Reddy,Operations,Junior,45,15,13701,3,2,Medium,5095
818,Meera Pandey,IT,Manager,56,10,3919,4,5,Medium,1787
819,Ishaan Shah,IT,Director,47,3,11305,3,2,High,722
820,Meera Rathore,Sales,Junior,58,12,6504,5,2,Medium,167
821,Krishna Mishra,Finance,Junior,59,6,3991,4,5,Medium,2375
822,Krishna Choudhary,Sales,Senior,42,3,9047,1,1,High,2204
823,Aadhya Verma,Sales,Senior,61,14,6839,4,4,Medium,2573
824,Sai Sharma,Sales,Senior,60,18,4258,2,2,High,5961
825,Krishna Bhatia,Operations,Director,42,8,10609,4,5,Medium,6532
826,Reyansh Tripathi,Operations,Senior,31,10,14618,3,3,Medium,4076
827,Vihaan Mishra,HR,Associate,59,7,11706,3,2,High,23
828,Avni Rathore,HR,Lead,25,0,7804,5,4,Medium,2060
829,Aadhya Desai,Sales,Manager,41,7,14388,5,1,Medium,5975
830,Vivaan Joshi,Finance,Junior,38,12,13776,5,2,Medium,6610
831,Diya Mishra,IT,Associate,28,3,3067,1,2,High,6817
832,Ishita Malhotra,Operations,Manager,25,7,12788,5,5,Low,7427
833,Ishaan Reddy,Finance,Associate,50,2,8660,1,3,High,9189
834,Aditya Tripathi,Marketing,Associate,35,8,7478,5,3,Medium,9992
835,Ishaan Kumar,Operations,Junior,24,1,11210,1,1,High,7300
836,Myra Malhotra,Operations,Lead,45,1,13922,4,4,Medium,6696
837,Aarav Malhotra,HR,Senior,58,12,6521,4,1,High,8873
838,Riya Gupta,IT,Director,37,14,3572,3,2,High,5385
839,Meera Gupta,IT,Lead,25,11,10082,1,2,High,7185
840,Vivaan Shah,Marketing,Director,45,3,10832,2,3,High,9434
841,Saanvi Choudhary,Marketing,Junior,55,7,8395,3,4,Medium,2274
842,Meera Nair,Operations,Junior,51,8,5258,4,5,Low,4584
843,Aryan Mehta,Sales,Junior,39,4,14094,1,4,High,3851
844,Vivaan Verma,HR,Manager,40,19,9039,5,2,Medium,1781
845,Aryan Tripathi,HR,Director,52,17,3650,2,5,Medium,6439
846,Avni Mehta,Operations,Lead,40,10,8741,4,4,Medium,2053
847,Sai Patel,Finance,Lead,40,14,9838,3,4,Medium,8298
848,Arjun Malhotra,Sales,Associate,43,8,5587,1,5,Medium,963
849,Avni Gupta,Operations,Associate,45,16,10876,2,2,High,9338
850,Reyansh Rathore,Sales,Associate,33,11,6262,1,4,Medium,1323
851,Meera Verma,Sales,Junior,51,6,4338,5,5,Medium,7371
852,Vihaan Kapoor,Sales,Lead,59,9,7996,3,2,High,5865
853,Reyansh Patel,Operations,Director,52,9,14826,1,5,Medium,5931
854,Aarav Tripathi,HR,Junior,57,12,8780,4,5,Medium,9605
855,Aditya Nair,HR,Manager,40,18,5827,3,4,Medium,6804
856,Riya Kumar,Sales,Associate,57,10,8232,4,2,Medium,1427
857,Aditya Mehta,Finance,Junior,51,12,5217,1,4,Medium,3134
858,Aditya Sharma,IT,Junior,54,7,6539,3,1,High,932
859,Ananya Tripathi,Operations,Manager,39,7,10845,4,1,High,6096
860,Myra Mehta,IT,Senior,49,3,12229,5,2,Medium,1808
861,Arjun Reddy,Finance,Lead,32,14,7383,5,5,Low,8106
862,Avni Joshi,Operations,Director,54,10,5961,1,4,High,4883
863,Ananya Sharma,Sales,Senior,38,10,6226,3,4,Medium,6277
864,Riya Desai,HR,Associate,27,0,9837,2,2,High,9731
865,Saanvi Kumar,IT,Junior,25,16,10031,3,2,High,42
866,Vivaan Patel,Marketing,Manager,41,14,12290,5,1,Medium,5636
867,Diya Reddy,Marketing,Manager,48,19,13516,4,3,Medium,1683
868,Sai Pandey,Finance,Lead,36,5,12131,2,2,High,2278
869,Avni Rathore,Sales,Senior,27,14,6716,1,3,High,8285
870,Aadhya Reddy,IT,Lead,35,8,6414,2,2,High,6818
871,Ishaan Malhotra,Sales,Junior,32,13,4448,1,5,Medium,4157
872,Vihaan Choudhary,IT,Lead,60,17,3570,2,5,Medium,7251
873,Reyansh Desai,Finance,Director,30,16,5904,1,1,High,4046
874,Vihaan Rathore,Finance,Manager,47,17,5505,1,1,Critical,3731
875,Diya Joshi,Marketing,Manager,37,4,3917,2,3,High,5497
876,Krishna Rathore,Sales,Associate,26,19,13066,2,2,High,2436
877,Avni Tripathi,Operations,Associate,31,19,9982,1,4,High,7014
878,Ishita Yadav,Marketing,Junior,24,8,10427,5,1,High,8046
879,Avni Choudhary,Sales,Director,34,10,9336,2,4,Medium,2590
880,Ananya Nair,Marketing,Senior,64,0,4678,3,4,Medium,6178
881,Reyansh Bhatia,Operations,Lead,51,17,3615,4,2,Medium,2142
882,Saanvi Kapoor,HR,Junior,27,5,12941,1,3,High,8724
883,Aadhya Joshi,HR,Associate,38,1,10086,1,2,High,6079
884,Ira Joshi,HR,Lead,40,14,13669,4,1,High,8719
885,Arjun Rathore,HR,Associate,63,13,7749,5,4,Medium,5058
886,Aarav Pandey,IT,Lead,56,4,6505,4,2,Medium,817
887,Aadhya Reddy,HR,Senior,47,5,14667,2,2,High,9282
888,Avni Nair,Operations,Junior,26,5,7529,4,2,Medium,3450
889,Saanvi Yadav,Finance,Lead,50,17,4135,1,1,High,5313
890,Sai Kumar,Finance,Director,58,13,11566,4,3,Medium,6266
891,Ishaan Kapoor,IT,Manager,41,9,10226,3,2,High,3375
892,Riya Kumar,HR,Director,42,13,8162,2,1,High,7451
893,Vivaan Malhotra,HR,Director,31,12,3206,4,4,Medium,5680
894,Avni Yadav,HR,Manager,26,2,7875,1,5,Medium,1373
895,Ira Mishra,Marketing,Director,57,5,4319,2,1,High,1704
896,Krishna Sharma,Sales,Lead,27,7,4141,1,5,Medium,6264
897,Meera Verma,Marketing,Lead,47,11,7627,5,2,Medium,7295
898,Arjun Joshi,Sales,Lead,25,12,10389,3,2,High,9393
899,Sai Pandey,HR,Manager,60,10,5690,5,1,Medium,5798
900,Aarav Tripathi,HR,Director,60,11,10323,3,5,Medium,9289
901,Sai Mishra,Marketing,Manager,56,0,6255,4,2,Medium,1370
902,Sai Kapoor,Marketing,Lead,22,16,11281,2,4,Medium,5429
903,Aryan Verma,Sales,Director,45,15,8213,4,3,Medium,6714
904,Saanvi Gupta,Finance,Director,57,10,7108,3,3,Medium,3869
905,Arjun Pandey,Sales,Associate,27,12,6020,3,2,High,2667
906,Aarav Yadav,Marketing,Associate,62,17,4857,3,5,Medium,6021
907,Ishaan Choudhary,Operations,Senior,52,10,11996,1,2,High,7944
908,Myra Reddy,Marketing,Junior,41,11,12136,2,5,Medium,2530
909,Reyansh Desai,Operations,Associate,45,5,5789,4,4,Medium,1112
910,Meera Joshi,IT,Manager,46,8,6875,4,5,Low,1021
911,Saanvi Rathore,Marketing,Associate,57,15,10605,5,2,Medium,3041
912,Saanvi Rathore,IT,Senior,42,3,12802,3,4,Medium,9413
913,Aditya Kapoor,Finance,Director,51,2,11135,3,1,High,7807
914,Vivaan Rathore,Sales,Senior,45,15,14115,3,3,Medium,2733
915,Avni Kumar,Operations,Director,63,11,9055,4,2,High,1737
916,Ananya Rathore,Sales,Director,51,10,6882,5,2,Medium,5689
917,Ananya Mehta,IT,Junior,43,4,14413,1,2,High,7365
918,Aditya Sharma,Operations,Associate,49,17,10175,2,4,Medium,112
919,Vivaan Bhatia,Sales,Manager,28,18,10129,1,1,High,861
920,Vihaan Yadav,Marketing,Manager,56,5,8021,4,5,Low,2469
921,Ishaan Choudhary,HR,Lead,49,17,7735,3,1,High,6374
922,Aditya Desai,IT,Director,35,5,5387,2,4,Medium,2384
923,Aditya Shah,Sales,Manager,31,3,9582,4,2,High,3438
924,Meera Reddy,IT,Junior,37,11,12133,4,3,Medium,4116
925,Avni Choudhary,IT,Director,37,18,8866,4,2,High,6652
926,Diya Patel,Operations,Junior,52,1,5566,2,5,Medium,495
927,Aarav Tripathi,Operations,Manager,63,16,3975,2,3,High,7022
928,Riya Choudhary,HR,Manager,46,10,10212,5,2,Medium,8664
929,Aryan Sharma,Marketing,Lead,34,10,12146,5,3,Medium,304
930,Aryan Tripathi,IT,Manager,27,15,4262,1,1,High,9154
931,Ananya Pandey,Sales,Director,30,1,8047,2,4,Medium,6151
932,Reyansh Patel,Finance,Director,57,1,12135,2,2,High,6571
933,Vivaan Kapoor,IT,Director,64,7,13394,2,5,Medium,2970
934,Vihaan Mishra,IT,Lead,41,12,10382,5,1,Medium,5729
935,Vivaan Rathore,HR,Lead,39,9,9231,4,2,Medium,272
936,Avni Reddy,Marketing,Manager,64,7,6327,3,1,High,5149
937,Vihaan Choudhary,Finance,Senior,42,3,8630,5,5,Low,5056
938,Diya Patel,Operations,Senior,25,14,5259,2,2,High,9007
939,Ananya Joshi,Operations,Lead,54,0,13020,5,5,Low,6628
940,Aditya Nair,Sales,Manager,48,10,4257,1,3,High,1058
941,Krishna Desai,Finance,Senior,28,6,3464,2,5,Medium,431
942,Aryan Verma,Operations,Manager,27,16,6294,1,3,High,2300
943,Vivaan Pandey,Sales,Manager,36,19,9774,2,2,High,6192
944,Arjun Joshi,Marketing,Manager,39,17,10431,5,3,Medium,6262
945,Meera Kapoor,Sales,Associate,53,11,4230,4,2,Medium,1785
946,Ananya Nair,Operations,Director,32,8,13846,3,2,High,7034
947,Riya Mishra,HR,Manager,41,4,12076,1,4,Medium,3051
948,Aryan Verma,HR,Associate,45,9,6805,5,2,Medium,8929
949,Ananya Malhotra,HR,Lead,36,3,9419,4,3,Medium,4066
950,Ira Choudhary,Operations,Senior,28,4,8750,5,4,Medium,6063
951,Meera Malhotra,HR,Director,42,9,6856,1,4,High,5038
952,Myra Reddy,Finance,Senior,63,10,6135,3,2,High,2179
953,Vivaan Pandey,Marketing,Director,47,9,9953,5,5,Low,7586
954,Aditya Desai,Sales,Senior,35,7,12116,2,5,Medium,7679
955,Ananya Pandey,Sales,Director,58,1,9034,4,4,Medium,8346
956,Saanvi Shah,Operations,Senior,42,7,7589,5,2,Medium,4654
957,Meera Desai,HR,Senior,39,15,4546,4,5,Low,1675
958,Aditya Verma,HR,Senior,26,4,9065,2,2,High,1503
959,Sai Sharma,IT,Senior,24,2,4094,3,2,Medium,3216
960,Saanvi Joshi,Marketing,Lead,44,11,5411,3,4,Medium,3546
961,Vivaan Tripathi,Finance,Manager,47,12,5617,2,4,Medium,456
962,Avni Joshi,Sales,Junior,58,12,11954,4,1,High,9584
963,Aditya Joshi,IT,Associate,45,9,13515,5,5,Low,3072
964,Ananya Mehta,IT,Junior,40,3,7145,2,5,Medium,9241
965,Diya Rathore,Operations,Junior,46,8,5775,1,5,Medium,8993
966,Riya Kapoor,Sales,Director,42,1,9628,4,3,Medium,5344
967,Reyansh Pandey,Operations,Manager,33,18,6155,3,2,High,3801
968,Myra Desai,Finance,Director,62,0,6970,2,4,Medium,8249
969,Saanvi Pandey,IT,Manager,54,6,10972,3,5,Medium,7612
970,Ishita Nair,IT,Manager,25,16,13232,4,1,High,2979
971,Vivaan Kapoor,Marketing,Senior,63,2,11775,3,5,Medium,8441
972,Vivaan Malhotra,Finance,Lead,28,19,8415,2,2,High,7089
973,Avni Nair,IT,Senior,43,19,7331,4,2,Medium,1456
974,Vihaan Shah,Finance,Lead,54,2,13295,1,4,Medium,3188
975,Diya Shah,Sales,Director,38,2,4942,2,3,High,5055
976,Avni Pandey,HR,Lead,45,16,9026,5,4,Medium,8889
977,Meera Kapoor,IT,Director,55,6,11301,2,5,Medium,5528
978,Krishna Rathore,Marketing,Junior,49,13,3191,4,1,High,8250
979,Ananya Reddy,Sales,Junior,64,16,12095,2,4,Medium,1729
980,Aditya Mehta,Finance,Lead,62,17,3861,1,3,High,7304
981,Aditya Yadav,Operations,Lead,60,12,9711,1,4,Medium,4900
982,Sai Nair,Sales,Director,43,19,12275,5,2,Medium,9819
983,Aarav Desai,IT,Senior,38,19,3649,3,5,Medium,1829
984,Myra Gupta,Finance,Director,55,17,7134,4,5,Low,7447
985,Myra Patel,HR,Senior,27,3,14803,4,5,Medium,8099
986,Sai Shah,Sales,Junior,27,0,10587,3,5,Medium,7966
987,Aryan Choudhary,IT,Manager,55,17,11828,1,5,Medium,3249
988,Reyansh Sharma,Marketing,Lead,22,0,4036,1,5,Medium,6607
989,Riya Joshi,Operations,Senior,31,12,7131,2,1,High,9326
990,Aadhya Gupta,Finance,Director,42,19,5148,5,3,Medium,7582
991,Arjun Tripathi,Sales,Junior,26,19,14349,5,5,Low,5792
992,Diya Kumar,Sales,Senior,23,9,14779,5,3,Medium,2832
993,Avni Shah,HR,Director,43,10,14486,2,5,Medium,5451
994,Sai Bhatia,HR,Lead,23,8,8457,5,4,Low,1284
995,Arjun Verma,Marketing,Lead,31,8,9079,3,5,Medium,6836
996,Avni Joshi,Operations,Associate,55,4,5430,2,2,High,3511
997,Ishaan Kapoor,Marketing,Manager,37,0,4879,3,1,High,2071
998,Aadhya Sharma,IT,Associate,60,16,14905,2,4,Medium,6198
999,Ira Gupta,IT,Junior,43,1,10542,5,4,Medium,7326
1000,Avni Yadav,Marketing,Senior,33,12,5011,3,2,High,3356
